"Epitope ID","Sequence","Mapped Start Position","Mapped End Position","Identity","Subjects Tested","Subjects Responded","Assays Positive","Assays Negative","Response Freq.","Lower Bound of 95% CI","Upper Bound of 95% CI"
"1310638","MDLFMRIFTIGTVTL","1","15","100%","25","1","1","2","0.04","0.00","0.17"
"1074993","MDLFMRIFTI","1","10","100%","36","4","1","0","0.11","0.04","0.23"
"1074994","MDLFMRIFTIGTVTLKQGEIKDATPSDFVRATATIPIQ","1","38","100%","4","1","1","0","0.25","0.01","0.74"
"1679502","MDLFMRIFTIGTVTLK","1","16","100%","40","0","0","1","0.00","0.00","0.07"
"1392301","MDLFMRIFTIGTVTLKQGEI","1","20","100%","1","0","0","1","0.00","0.00","0.94"
"1475901","MDLFMRIFTIGT","1","12","100%","1","0","0","1","0.00","0.00","0.94"
"1651318","DLFMRIFTIGTVTLKQ","2","17","100%","40","0","0","1","0.00","0.00","0.07"
"2134030","DLFMRIFTI","2","10","100%","4","1","1","1","0.25","0.01","0.74"
"1674337","LFMRIFTIGTVTLKQG","3","18","100%","40","0","0","1","0.00","0.00","0.07"
"1466122","LFMRIFTIGTVT","3","14","100%","1","0","0","1","0.00","0.00","0.94"
"1541271","LFMRIFTIGTVTLKQ","3","17","100%","7","0","0","1","0.00","0.00","0.33"
"1310411","FMRIFTIGTVTLKQG","4","18","100%","55","20","2","1","0.36","0.25","0.50"
"1657997","FMRIFTIGTVTLKQGE","4","19","100%","40","0","0","1","0.00","0.00","0.07"
"1434808","FMRIFTIGTVTL","4","15","100%","1","0","0","1","0.00","0.00","0.94"
"1680299","MRIFTIGTVTLKQGEI","5","20","100%","40","0","0","1","0.00","0.00","0.07"
"1477505","MRIFTIGTVTLK","5","16","100%","1","0","0","1","0.00","0.00","0.94"
"1541634","MRIFTIGTVTLKQGE","5","19","100%","7","2","1","0","0.29","0.05","0.64"
"1075027","RIFTIGTVTLK","6","16","100%","57","8","1","2","0.14","0.07","0.25"
"1690366","RIFTIGTVTLKQGEIK","6","21","100%","40","1","1","0","0.03","0.00","0.11"
"1666171","IFTIGTVTLKQGEIKD","7","22","100%","40","5","1","0","0.13","0.05","0.24"
"1540778","IFTIGTVTLKQGEIK","7","21","100%","7","1","1","0","0.14","0.01","0.50"
"1317058","FTIGTVTLK","8","16","100%","4","1","1","1","0.25","0.01","0.74"
"1658951","FTIGTVTLKQGEIKDA","8","23","100%","40","4","1","0","0.10","0.03","0.21"
"1436734","FTIGTVTLKQGE","8","19","100%","1","0","0","1","0.00","0.00","0.94"
"1515118","TIGTVTLKQGEIKDAT","9","24","100%","41","7","2","0","0.17","0.08","0.29"
"1542777","TIGTVTLKQGEIKDA","9","23","100%","7","2","1","0","0.29","0.05","0.64"
"1666401","IGTVTLKQGEIKDATP","10","25","100%","40","7","1","0","0.18","0.08","0.30"
"1451261","IGTVTLKQGEIK","10","21","100%","1","1","1","0","1.00","0.04","1.00"
"1663248","GTVTLKQGEIKDATPS","11","26","100%","40","7","1","0","0.18","0.08","0.30"
"1392198","GTVTLKQGEIKDATPSDFVR","11","30","100%","1","0","0","1","0.00","0.00","0.94"
"1540616","GTVTLKQGEIKDATP","11","25","100%","8","1","1","1","0.13","0.01","0.46"
"1701103","TVTLKQGEIKDATPSD","12","27","100%","40","7","1","0","0.18","0.08","0.30"
"1706324","VTLKQGEIKDATPSDF","13","28","100%","40","11","1","0","0.28","0.16","0.41"
"1543271","VTLKQGEIKDATPSD","13","27","100%","7","0","0","1","0.00","0.00","0.33"
"1699059","TLKQGEIKDATPSDFV","14","29","100%","40","11","1","0","0.28","0.16","0.41"
"1675527","LKQGEIKDATPSDFVR","15","30","100%","40","11","1","0","0.28","0.16","0.41"
"1541336","LKQGEIKDATPSDFV","15","29","100%","7","1","1","0","0.14","0.01","0.50"
"1383768","KQGEIKDATPSDFVRA","16","31","100%","40","12","1","0","0.30","0.18","0.43"
"1687761","QGEIKDATPSDFVRAT","17","32","100%","40","7","1","0","0.18","0.08","0.30"
"1492455","QGEIKDATPSDF","17","28","100%","1","1","1","0","1.00","0.04","1.00"
"1542101","QGEIKDATPSDFVRA","17","31","100%","7","0","0","1","0.00","0.00","0.33"
"1381002","GEIKDATPSDFVRATA","18","33","100%","40","8","1","0","0.20","0.10","0.33"
"1439493","GEIKDATPSDFV","18","29","100%","1","0","0","1","0.00","0.00","0.94"
"1654274","EIKDATPSDFVRATAT","19","34","100%","40","7","1","0","0.18","0.08","0.30"
"1540082","EIKDATPSDFVRATA","19","33","100%","7","2","1","0","0.29","0.05","0.64"
"1666721","IKDATPSDFVRATATI","20","35","100%","40","6","1","0","0.15","0.07","0.27"
"1383237","KDATPSDFVRATATIP","21","36","100%","40","5","1","0","0.13","0.05","0.24"
"1392230","KDATPSDFVRATATIPIQAS","21","40","100%","1","0","0","1","0.00","0.00","0.94"
"1457140","KDATPSDFVRAT","21","32","100%","1","1","1","0","1.00","0.04","1.00"
"1540941","KDATPSDFVRATATI","21","35","100%","8","1","1","1","0.13","0.01","0.46"
"1649676","DATPSDFVRATATIPI","22","37","100%","40","3","1","0","0.08","0.02","0.18"
"1419416","DATPSDFVRATA","22","33","100%","1","0","0","1","0.00","0.00","0.94"
"1646528","ATPSDFVRATATIPIQ","23","38","100%","40","1","1","0","0.03","0.00","0.11"
"1413371","ATPSDFVRATAT","23","34","100%","1","1","1","0","1.00","0.04","1.00"
"1539618","ATPSDFVRATATIPI","23","37","100%","7","1","1","0","0.14","0.01","0.50"
"2222674","ATPLDFVRA","23","31","88.89%","90","0","0","1","0.00","0.00","0.04"
"2222675","ATPSDFVRA","23","31","100%","90","0","0","1","0.00","0.00","0.04"
"1699773","TPSDFVRATATIPIQA","24","39","100%","40","0","0","1","0.00","0.00","0.07"
"1517763","TPSDFVRATATI","24","35","100%","1","0","0","1","0.00","0.00","0.94"
"1686520","PSDFVRATATIPIQAS","25","40","100%","40","0","0","1","0.00","0.00","0.07"
"1489787","PSDFVRATATIP","25","36","100%","1","1","1","0","1.00","0.04","1.00"
"1542018","PSDFVRATATIPIQA","25","39","100%","7","0","0","1","0.00","0.00","0.33"
"1310789","SDFVRATATIPIQAS","26","40","100%","23","5","2","0","0.22","0.09","0.40"
"1692443","SDFVRATATIPIQASL","26","41","100%","40","0","0","1","0.00","0.00","0.07"
"1502549","SDFVRATATIPI","26","37","100%","1","0","0","1","0.00","0.00","0.94"
"1650421","DFVRATATIPIQASLP","27","42","100%","40","0","0","1","0.00","0.00","0.07"
"1539844","DFVRATATIPIQASL","27","41","100%","7","0","0","1","0.00","0.00","0.33"
"1074901","FVRATATIPI","28","37","100%","36","4","1","0","0.11","0.04","0.23"
"1659413","FVRATATIPIQASLPF","28","43","100%","40","0","0","1","0.00","0.00","0.07"
"1705534","VRATATIPIQASLPFG","29","44","100%","40","1","1","0","0.03","0.00","0.11"
"1528329","VRATATIPIQAS","29","40","100%","1","1","1","0","1.00","0.04","1.00"
"1543226","VRATATIPIQASLPF","29","43","100%","7","0","0","1","0.00","0.00","0.33"
"1689662","RATATIPIQASLPFGW","30","45","100%","40","1","1","0","0.03","0.00","0.11"
"1496587","RATATIPIQASL","30","41","100%","1","0","0","1","0.00","0.00","0.94"
"1646374","ATATIPIQASLPFGWL","31","46","100%","40","0","0","1","0.00","0.00","0.07"
"1392059","ATATIPIQASLPFGWLIVGV","31","50","100%","1","0","0","1","0.00","0.00","0.94"
"1539605","ATATIPIQASLPFGW","31","45","100%","8","1","1","1","0.13","0.01","0.46"
"2157659","ATATIPIQA","31","39","100%","3","0","0","1","0.00","0.00","0.61"
"1697137","TATIPIQASLPFGWLI","32","47","100%","40","0","0","1","0.00","0.00","0.07"
"1074860","ATIPIQASLPFGWLIVGVALLAVFQSASKIITLKKRWQ","33","70","100%","4","2","1","0","0.50","0.10","0.89"
"1314981","ATIPIQASL","33","41","100%","2","2","1","0","1.00","0.22","1.00"
"1646462","ATIPIQASLPFGWLIV","33","48","100%","40","0","0","1","0.00","0.00","0.07"
"1539611","ATIPIQASLPFGWLI","33","47","100%","7","1","1","0","0.14","0.01","0.50"
"1698539","TIPIQASLPFGWLIVG","34","49","100%","40","0","0","1","0.00","0.00","0.07"
"1597822","TIPIQASLPFGWLIVGVALLAVFQSASKIITL","34","65","100%","1","1","1","0","1.00","0.04","1.00"
"1074931","IPIQASLPF","35","43","100%","27","13","3","1","0.48","0.31","0.65"
"1667636","IPIQASLPFGWLIVGV","35","50","100%","40","0","0","1","0.00","0.00","0.07"
"1453546","IPIQASLPFGWL","35","46","100%","1","0","0","1","0.00","0.00","0.94"
"1540837","IPIQASLPFGWLIVG","35","49","100%","7","0","0","1","0.00","0.00","0.33"
"2134118","IPIQASLSF","35","43","88.89%","1","1","1","0","1.00","0.04","1.00"
"1685540","PIQASLPFGWLIVGVA","36","51","100%","20","1","1","0","0.05","0.00","0.21"
"1667727","IQASLPFGWLIVGVAL","37","52","100%","40","0","0","1","0.00","0.00","0.07"
"1453787","IQASLPFGWLIV","37","48","100%","1","0","0","1","0.00","0.00","0.94"
"1540845","IQASLPFGWLIVGVA","37","51","100%","7","0","0","1","0.00","0.00","0.33"
"1687327","QASLPFGWLIVGVALL","38","53","100%","40","0","0","1","0.00","0.00","0.07"
"1646207","ASLPFGWLIVGVALLA","39","54","100%","40","0","0","1","0.00","0.00","0.07"
"1412704","ASLPFGWLIVGV","39","50","100%","1","0","0","1","0.00","0.00","0.94"
"1539598","ASLPFGWLIVGVALL","39","53","100%","7","1","1","0","0.14","0.01","0.50"
"2222672","ASLPFGWLI","39","47","100%","1","1","1","0","1.00","0.04","1.00"
"1694389","SLPFGWLIVGVALLAV","40","55","100%","40","0","0","1","0.00","0.00","0.07"
"2134273","SLPFGWLIV","40","48","100%","1","1","1","0","1.00","0.04","1.00"
"1321047","LPFGWLIV","41","48","100%","5","2","2","0","0.40","0.08","0.80"
"1676875","LPFGWLIVGVALLAVF","41","56","100%","40","0","0","1","0.00","0.00","0.07"
"1392277","LPFGWLIVGVALLAVFQSAS","41","60","100%","1","0","0","1","0.00","0.00","0.94"
"1541433","LPFGWLIVGVALLAV","41","55","100%","8","0","0","2","0.00","0.00","0.30"
"1685122","PFGWLIVGVALLAVFQ","42","57","100%","40","0","0","1","0.00","0.00","0.07"
"1657093","FGWLIVGVALLAVFQS","43","58","100%","40","0","0","1","0.00","0.00","0.07"
"1540249","FGWLIVGVALLAVFQ","43","57","100%","7","0","0","1","0.00","0.00","0.33"
"1663770","GWLIVGVALLAVFQSA","44","59","100%","40","0","0","1","0.00","0.00","0.07"
"1707837","WLIVGVALLAVFQSAS","45","60","100%","40","0","0","1","0.00","0.00","0.07"
"1543358","WLIVGVALLAVFQSA","45","59","100%","7","0","0","1","0.00","0.00","0.33"
"1597851","WLIVGVALL","45","53","100%","1","1","1","0","1.00","0.04","1.00"
"1675218","LIVGVALLAVFQSASK","46","61","100%","40","0","0","1","0.00","0.00","0.07"
"1074943","IVGVALLAVF","47","56","100%","36","3","1","0","0.08","0.02","0.20"
"1668647","IVGVALLAVFQSASKI","47","62","100%","40","0","0","1","0.00","0.00","0.07"
"1540900","IVGVALLAVFQSASK","47","61","100%","7","0","0","1","0.00","0.00","0.33"
"1703223","VGVALLAVFQSASKII","48","63","100%","40","0","0","1","0.00","0.00","0.07"
"1663287","GVALLAVFQSASKIIT","49","64","100%","40","0","0","1","0.00","0.00","0.07"
"1540620","GVALLAVFQSASKII","49","63","100%","7","0","0","1","0.00","0.00","0.33"
"1701608","VALLAVFQSASKIITL","50","65","100%","40","0","0","1","0.00","0.00","0.07"
"1310272","ALLAVFQSASKIITL","51","65","100%","36","2","2","2","0.06","0.01","0.16"
"1330879","ALLAVFQSA","51","59","100%","10","2","2","1","0.20","0.04","0.49"
"1644968","ALLAVFQSASKIITLK","51","66","100%","40","0","0","1","0.00","0.00","0.07"
"1392040","ALLAVFQSASKIITLKKRWQ","51","70","100%","1","0","0","1","0.00","0.00","0.94"
"1675702","LLAVFQSASKIITLKK","52","67","100%","40","0","0","1","0.00","0.00","0.07"
"1673328","LAVFQSASKIITLKKR","53","68","100%","40","0","0","1","0.00","0.00","0.07"
"1541208","LAVFQSASKIITLKK","53","67","100%","7","0","0","1","0.00","0.00","0.33"
"1646731","AVFQSASKIITLKKRW","54","69","100%","40","0","0","1","0.00","0.00","0.07"
"1702879","VFQSASKIITLKKRWQ","55","70","100%","40","0","0","1","0.00","0.00","0.07"
"1543080","VFQSASKIITLKKRW","55","69","100%","7","0","0","1","0.00","0.00","0.33"
"1658449","FQSASKIITLKKRWQL","56","71","100%","40","0","0","1","0.00","0.00","0.07"
"1323485","QSASKIITL","57","65","100%","12","2","2","1","0.17","0.03","0.43"
"1688894","QSASKIITLKKRWQLA","57","72","100%","40","0","0","1","0.00","0.00","0.07"
"1542182","QSASKIITLKKRWQL","57","71","100%","7","0","0","1","0.00","0.00","0.33"
"2157727","QSASKIITLK","57","66","100%","3","1","1","0","0.33","0.01","0.85"
"1324282","SASKIITLKKRW","58","69","100%","3","1","1","1","0.33","0.01","0.85"
"1313530","SASKIITLK","58","66","100%","14","4","3","0","0.29","0.10","0.53"
"1692159","SASKIITLKKRWQLAL","58","73","100%","40","0","0","1","0.00","0.00","0.07"
"1310290","ASKIITLKK","59","67","100%","24","0","0","3","0.00","0.00","0.11"
"1646179","ASKIITLKKRWQLALS","59","74","100%","40","0","0","1","0.00","0.00","0.07"
"1539594","ASKIITLKKRWQLAL","59","73","100%","7","0","0","1","0.00","0.00","0.33"
"1693941","SKIITLKKRWQLALSK","60","75","100%","40","0","0","1","0.00","0.00","0.07"
"1319537","KIITLKKRWQLALSK","61","75","100%","19","1","1","2","0.05","0.00","0.22"
"1670498","KIITLKKRWQLALSKG","61","76","100%","40","0","0","1","0.00","0.00","0.07"
"1392236","KIITLKKRWQLALSKGVHFV","61","80","100%","1","0","0","1","0.00","0.00","0.94"
"1666675","IITLKKRWQLALSKGV","62","77","100%","40","0","0","1","0.00","0.00","0.07"
"1074942","ITLKKRWQLAL","63","73","100%","36","6","1","0","0.17","0.07","0.30"
"1319013","ITLKKRWQL","63","71","100%","3","1","1","0","0.33","0.01","0.85"
"1668395","ITLKKRWQLALSKGVH","63","78","100%","40","0","0","1","0.00","0.00","0.07"
"1455189","ITLKKRWQLALSKG","63","76","100%","1","1","1","0","1.00","0.04","1.00"
"1540883","ITLKKRWQLALSKGV","63","77","100%","7","0","0","1","0.00","0.00","0.33"
"1333994","TLKKRWQLA","64","72","100%","7","1","1","1","0.14","0.01","0.50"
"1699052","TLKKRWQLALSKGVHF","64","79","100%","40","0","0","1","0.00","0.00","0.07"
"2157744","TLKKRWQL","64","71","100%","3","0","0","1","0.00","0.00","0.61"
"1074973","LKKRWQLALSKGVHFVCNLLLLFVTVYSHLLLVAAGLE","65","102","100%","4","2","1","0","0.50","0.10","0.89"
"1675428","LKKRWQLALSKGVHFV","65","80","100%","40","0","0","1","0.00","0.00","0.07"
"1541328","LKKRWQLALSKGVHF","65","79","100%","7","0","0","1","0.00","0.00","0.33"
"1310540","KKRWQLALSKGVHFV","66","80","100%","28","4","2","0","0.14","0.05","0.29"
"1670760","KKRWQLALSKGVHFVC","66","81","100%","40","0","0","1","0.00","0.00","0.07"
"1671990","KRWQLALSKGVHFVCN","67","82","100%","40","0","0","1","0.00","0.00","0.07"
"1541127","KRWQLALSKGVHFVC","67","81","100%","7","0","0","1","0.00","0.00","0.33"
"2157703","KRWQLALSK","67","75","100%","3","0","0","1","0.00","0.00","0.61"
"1691794","RWQLALSKGVHFVCNL","68","83","100%","40","0","0","1","0.00","0.00","0.07"
"1708054","WQLALSKGVHFVCNLL","69","84","100%","40","0","0","1","0.00","0.00","0.07"
"1543372","WQLALSKGVHFVCNL","69","83","100%","7","0","0","1","0.00","0.00","0.33"
"1688188","QLALSKGVHFVCNLLL","70","85","100%","40","0","0","1","0.00","0.00","0.07"
"1673193","LALSKGVHFVCNLLLL","71","86","100%","40","0","0","1","0.00","0.00","0.07"
"1392257","LALSKGVHFVCNLLLLFVTV","71","90","100%","1","0","0","1","0.00","0.00","0.94"
"1541195","LALSKGVHFVCNLLL","71","85","100%","8","1","1","1","0.13","0.01","0.46"
"1074846","ALSKGVHFV","72","80","100%","166","53","11","3","0.32","0.25","0.39"
"1645119","ALSKGVHFVCNLLLLF","72","87","100%","40","0","0","1","0.00","0.00","0.07"
"1677808","LSKGVHFVCNLLLLFV","73","88","100%","40","0","0","1","0.00","0.00","0.07"
"1541491","LSKGVHFVCNLLLLF","73","87","100%","7","1","1","0","0.14","0.01","0.50"
"1693916","SKGVHFVCNLLLLFVT","74","89","100%","40","0","0","1","0.00","0.00","0.07"
"1670259","KGVHFVCNLLLLFVTV","75","90","100%","40","0","0","1","0.00","0.00","0.07"
"1540993","KGVHFVCNLLLLFVT","75","89","100%","7","0","0","1","0.00","0.00","0.33"
"2157698","KGVHFVCNL","75","83","100%","3","0","0","1","0.00","0.00","0.61"
"1310468","GVHFVCNLLLLFVTV","76","90","100%","17","0","0","1","0.00","0.00","0.15"
"1663405","GVHFVCNLLLLFVTVY","76","91","100%","40","0","0","1","0.00","0.00","0.07"
"1703287","VHFVCNLLLLFVTVYS","77","92","100%","40","0","0","1","0.00","0.00","0.07"
"1543110","VHFVCNLLLLFVTVY","77","91","100%","7","0","0","1","0.00","0.00","0.33"
"1664334","HFVCNLLLLFVTVYSH","78","93","100%","40","0","0","1","0.00","0.00","0.07"
"2157691","HFVCNLLLL","78","86","100%","3","0","0","1","0.00","0.00","0.61"
"1074899","FVCNLLLLFVTVYSHLLLV","79","97","100%","36","13","1","0","0.36","0.23","0.51"
"1659170","FVCNLLLLFVTVYSHL","79","94","100%","40","0","0","1","0.00","0.00","0.07"
"1540361","FVCNLLLLFVTVYSH","79","93","100%","7","0","0","1","0.00","0.00","0.33"
"1701925","VCNLLLLFVTVYSHLL","80","95","100%","40","0","0","1","0.00","0.00","0.07"
"1315227","CNLLLLFVTVYSHLL","81","95","100%","19","2","1","2","0.11","0.02","0.29"
"1648516","CNLLLLFVTVYSHLLL","81","96","100%","40","0","0","1","0.00","0.00","0.07"
"1392079","CNLLLLFVTVYSHLLLVAAG","81","100","100%","1","0","0","1","0.00","0.00","0.94"
"1332930","NLLLLFVTV","82","90","100%","18","6","2","0","0.33","0.16","0.54"
"1682642","NLLLLFVTVYSHLLLV","82","97","100%","40","0","0","1","0.00","0.00","0.07"
"1675990","LLLLFVTVYSHLLLVA","83","98","100%","40","0","0","1","0.00","0.00","0.07"
"1541369","LLLLFVTVYSHLLLV","83","97","100%","7","1","1","0","0.14","0.01","0.50"
"2157709","LLLLFVTVY","83","91","100%","3","0","0","1","0.00","0.00","0.61"
"1675980","LLLFVTVYSHLLLVAA","84","99","100%","40","0","0","1","0.00","0.00","0.07"
"1675826","LLFVTVYSHLLLVAAG","85","100","100%","40","0","0","1","0.00","0.00","0.07"
"1541356","LLFVTVYSHLLLVAA","85","99","100%","7","0","0","1","0.00","0.00","0.33"
"1674446","LFVTVYSHLLLVAAGL","86","101","100%","40","0","0","1","0.00","0.00","0.07"
"2157706","LFVTVYSHL","86","94","100%","3","0","0","1","0.00","0.00","0.61"
"1332010","FVTVYSHLL","87","95","100%","10","2","2","0","0.20","0.04","0.49"
"1659495","FVTVYSHLLLVAAGLE","87","102","100%","40","0","0","1","0.00","0.00","0.07"
"1540371","FVTVYSHLLLVAAGL","87","101","100%","7","0","0","1","0.00","0.00","0.33"
"1706482","VTVYSHLLLVAAGLEA","88","103","100%","40","0","0","1","0.00","0.00","0.07"
"1326046","TVYSHLLLV","89","97","100%","26","5","3","2","0.19","0.08","0.35"
"1701173","TVYSHLLLVAAGLEAP","89","104","100%","40","0","0","1","0.00","0.00","0.07"
"1542972","TVYSHLLLVAAGLEA","89","103","100%","7","0","0","1","0.00","0.00","0.33"
"1707372","VYSHLLLVAAGLEAPF","90","105","100%","40","0","0","1","0.00","0.00","0.07"
"1710703","YSHLLLVAAGLEAPFL","91","106","100%","40","0","0","1","0.00","0.00","0.07"
"1392535","YSHLLLVAAGLEAPFLYLYA","91","110","100%","1","0","0","1","0.00","0.00","0.94"
"1543529","YSHLLLVAAGLEAPF","91","105","100%","8","1","1","1","0.13","0.01","0.46"
"1693516","SHLLLVAAGLEAPFLY","92","107","100%","40","0","0","1","0.00","0.00","0.07"
"1664644","HLLLVAAGLEAPFLYL","93","108","100%","40","0","0","1","0.00","0.00","0.07"
"1447510","HLLLVAAGLEAP","93","104","100%","1","0","0","1","0.00","0.00","0.94"
"1540692","HLLLVAAGLEAPFLY","93","107","100%","7","2","1","0","0.29","0.05","0.64"
"2134101","HLLLVAAGL","93","101","100%","1","1","1","0","1.00","0.04","1.00"
"1676015","LLLVAAGLEAPFLYLY","94","109","100%","40","0","0","1","0.00","0.00","0.07"
"1676234","LLVAAGLEAPFLYLYA","95","110","100%","40","0","0","1","0.00","0.00","0.07"
"1469616","LLVAAGLEAPFL","95","106","100%","1","0","0","1","0.00","0.00","0.94"
"1541392","LLVAAGLEAPFLYLY","95","109","100%","7","1","1","0","0.14","0.01","0.50"
"1321431","LVAAGLEAPFLYLYA","96","110","100%","11","1","1","0","0.09","0.00","0.35"
"1678496","LVAAGLEAPFLYLYAL","96","111","100%","40","0","0","1","0.00","0.00","0.07"
"1473917","LVAAGLEAPFLY","96","107","100%","1","0","0","1","0.00","0.00","0.94"
"1075086","VAAGLEAPFLYLYALVYFLQSINFVRIIMRLWLCWKCR","97","134","100%","4","2","1","0","0.50","0.10","0.89"
"1326217","VAAGLEAPF","97","105","100%","3","1","1","0","0.33","0.01","0.85"
"1701423","VAAGLEAPFLYLYALV","97","112","100%","40","0","0","1","0.00","0.00","0.07"
"1521013","VAAGLEAPFLYL","97","108","100%","1","0","0","1","0.00","0.00","0.94"
"1542987","VAAGLEAPFLYLYAL","97","111","100%","7","0","0","1","0.00","0.00","0.33"
"1314132","AAGLEAPFLYLY","98","109","100%","4","1","1","1","0.25","0.01","0.74"
"1330720","AAGLEAPFLY","98","107","100%","7","1","1","0","0.14","0.01","0.50"
"1642988","AAGLEAPFLYLYALVY","98","113","100%","40","0","0","1","0.00","0.00","0.07"
"1314283","AGLEAPFLY","99","107","100%","2","1","1","0","0.50","0.02","0.97"
"1644080","AGLEAPFLYLYALVYF","99","114","100%","40","0","0","1","0.00","0.00","0.07"
"1408713","AGLEAPFLYLYA","99","110","100%","1","0","0","1","0.00","0.00","0.94"
"1539449","AGLEAPFLYLYALVY","99","113","100%","7","1","1","0","0.14","0.01","0.50"
"1074908","GLEAPFLYLYALVYFLQSINFVRIIMR","100","126","100%","36","27","1","0","0.75","0.60","0.86"
"1317477","GLEAPFLYL","100","108","100%","3","1","1","0","0.33","0.01","0.85"
"1661705","GLEAPFLYLYALVYFL","100","115","100%","40","0","0","1","0.00","0.00","0.07"
"1441764","GLEAPFLYLYAL","100","111","100%","1","0","0","1","0.00","0.00","0.94"
"2157685","GLEAPFLYLY","100","109","100%","3","0","0","1","0.00","0.00","0.61"
"1320359","LEAPFLYLY","101","109","100%","5","1","1","1","0.20","0.01","0.64"
"1320360","LEAPFLYLYALVYFL","101","115","100%","22","1","1","2","0.05","0.00","0.19"
"1673902","LEAPFLYLYALVYFLQ","101","116","100%","40","0","0","1","0.00","0.00","0.07"
"1392260","LEAPFLYLYALVYFLQSINF","101","120","100%","1","1","1","0","1.00","0.04","1.00"
"1465310","LEAPFLYLYALV","101","112","100%","1","1","1","0","1.00","0.04","1.00"
"1653343","EAPFLYLYALVYFLQS","102","117","100%","40","0","0","1","0.00","0.00","0.07"
"1310278","APFLYLYAL","103","111","100%","27","1","1","3","0.04","0.00","0.16"
"1645605","APFLYLYALVYFLQSI","103","118","100%","40","0","0","1","0.00","0.00","0.07"
"1539550","APFLYLYALVYFLQS","103","117","100%","7","0","0","1","0.00","0.00","0.33"
"1685154","PFLYLYALVYFLQSIN","104","119","100%","40","0","0","1","0.00","0.00","0.07"
"1486803","PFLYLYALVYFL","104","115","100%","1","0","0","1","0.00","0.00","0.94"
"1310408","FLYLYALVY","105","113","100%","20","1","1","2","0.05","0.00","0.21"
"1657941","FLYLYALVYFLQSINF","105","120","100%","40","0","0","1","0.00","0.00","0.07"
"1392154","FLYLYALV","105","112","100%","1","0","0","1","0.00","0.00","0.94"
"1540293","FLYLYALVYFLQSIN","105","119","100%","7","0","0","1","0.00","0.00","0.33"
"1310634","LYLYALVYFLQSINF","106","120","100%","31","3","1","1","0.10","0.03","0.22"
"1313129","LYLYALVYF","106","114","100%","12","4","3","1","0.33","0.12","0.60"
"1679170","LYLYALVYFLQSINFV","106","121","100%","40","0","0","1","0.00","0.00","0.07"
"1311604","YLYALVYFL","107","115","100%","46","20","6","2","0.43","0.31","0.56"
"1710015","YLYALVYFLQSINFVR","107","122","100%","40","0","0","1","0.00","0.00","0.07"
"1543487","YLYALVYFLQSINFV","107","121","100%","7","0","0","1","0.00","0.00","0.33"
"1679026","LYALVYFLQSINFVRI","108","123","100%","40","0","0","1","0.00","0.00","0.07"
"2134190","LYALVYFLH","108","116","88.89%","1","1","1","0","1.00","0.04","1.00"
"2134191","LYALVYFLQ","108","116","100%","1","1","1","0","1.00","0.04","1.00"
"1708431","YALVYFLQSINFVRII","109","124","100%","40","0","0","1","0.00","0.00","0.07"
"1392520","YALVYFLQS","109","117","100%","1","1","1","0","1.00","0.04","1.00"
"1543398","YALVYFLQSINFVRI","109","123","100%","7","0","0","1","0.00","0.00","0.33"
"1645173","ALVYFLQSINFVRIIM","110","125","100%","40","0","0","1","0.00","0.00","0.07"
"1392044","ALVYFLQS","110","117","100%","1","0","0","1","0.00","0.00","0.94"
"2133998","ALVYFLQSI","110","118","100%","1","1","1","0","1.00","0.04","1.00"
"1310631","LVYFLQSINFVRIIM","111","125","100%","39","2","2","2","0.05","0.01","0.15"
"1678909","LVYFLQSINFVRIIMR","111","126","100%","40","0","0","1","0.00","0.00","0.07"
"1392295","LVYFLQSI","111","118","100%","1","0","0","1","0.00","0.00","0.94"
"1392296","LVYFLQSINFVRIIMRLWLC","111","130","100%","1","0","0","1","0.00","0.00","0.94"
"1310934","VYFLQSINF","112","120","100%","99","32","11","1","0.32","0.24","0.42"
"1707229","VYFLQSINFVRIIMRL","112","127","100%","40","0","0","1","0.00","0.00","0.07"
"1531391","VYFLQSINFVRI","112","123","100%","1","0","0","1","0.00","0.00","0.94"
"1709051","YFLQSINFVRIIMRLW","113","128","100%","40","0","0","1","0.00","0.00","0.07"
"1543425","YFLQSINFVRIIMRL","113","127","100%","7","1","1","0","0.14","0.01","0.50"
"2134354","YFLQSINFV","113","121","100%","1","1","1","0","1.00","0.04","1.00"
"1657861","FLQSINFVRIIMRLWL","114","129","100%","40","0","0","1","0.00","0.00","0.07"
"1677286","LQSINFVRIIMRLWLC","115","130","100%","40","0","0","1","0.00","0.00","0.07"
"1471566","LQSINFVRIIMR","115","126","100%","1","0","0","1","0.00","0.00","0.94"
"1541463","LQSINFVRIIMRLWL","115","129","100%","7","1","1","0","0.14","0.01","0.50"
"1310751","QSINFVRIIMRLWLC","116","130","100%","31","4","2","0","0.13","0.04","0.26"
"1688940","QSINFVRIIMRLWLCW","116","131","100%","40","0","0","1","0.00","0.00","0.07"
"1495080","QSINFVRIIMRL","116","127","100%","1","0","0","1","0.00","0.00","0.94"
"2157728","QSINFVRII","116","124","100%","3","0","0","1","0.00","0.00","0.61"
"1693698","SINFVRIIMRLWLCWK","117","132","100%","40","0","0","1","0.00","0.00","0.07"
"1505166","SINFVRIIMRLW","117","128","100%","1","0","0","1","0.00","0.00","0.94"
"1542496","SINFVRIIMRLWLCW","117","131","100%","7","1","1","0","0.14","0.01","0.50"
"1667401","INFVRIIMRLWLCWKC","118","133","100%","40","0","0","1","0.00","0.00","0.07"
"1453111","INFVRIIMRLWL","118","129","100%","1","0","0","1","0.00","0.00","0.94"
"1870793","INFVRIIMRLWLCWKCRSKN","118","137","100%","6","6","1","0","1.00","0.61","1.00"
"1681650","NFVRIIMRLWLCWKCR","119","134","100%","40","0","0","1","0.00","0.00","0.07"
"1480019","NFVRIIMRLWLC","119","130","100%","1","0","0","1","0.00","0.00","0.94"
"1541714","NFVRIIMRLWLCWKC","119","133","100%","7","0","0","1","0.00","0.00","0.33"
"1317133","FVRIIMRLW","120","128","100%","2","1","1","0","0.50","0.02","0.97"
"1659417","FVRIIMRLWLCWKCRS","120","135","100%","40","0","0","1","0.00","0.00","0.07"
"1437517","FVRIIMRLWLCW","120","131","100%","1","0","0","1","0.00","0.00","0.94"
"1327020","VRIIMRLWLCWKCRS","121","135","100%","22","2","1","2","0.09","0.02","0.25"
"1334275","VRIIMRLWL","121","129","100%","7","1","1","0","0.14","0.01","0.50"
"1705616","VRIIMRLWLCWKCRSK","121","136","100%","40","0","0","1","0.00","0.00","0.07"
"1392499","VRIIMRLWLCWKCRSKNPLL","121","140","100%","1","0","0","1","0.00","0.00","0.94"
"1528474","VRIIMRLWLCWK","121","132","100%","1","0","0","1","0.00","0.00","0.94"
"1690379","RIIMRLWLCWKCRSKN","122","137","100%","40","0","0","1","0.00","0.00","0.07"
"1498135","RIIMRLWLCWKC","122","133","100%","1","0","0","1","0.00","0.00","0.94"
"1666591","IIMRLWLCWKCRSKNP","123","138","100%","40","0","0","1","0.00","0.00","0.07"
"1451651","IIMRLWLCWKCR","123","134","100%","1","0","0","1","0.00","0.00","0.94"
"1540794","IIMRLWLCWKCRSKN","123","137","100%","7","0","0","1","0.00","0.00","0.33"
"1667324","IMRLWLCWKCRSKNPL","124","139","100%","40","0","0","1","0.00","0.00","0.07"
"1452979","IMRLWLCWKCRS","124","135","100%","1","0","0","1","0.00","0.00","0.94"
"1680312","MRLWLCWKCRSKNPLL","125","140","100%","40","0","0","1","0.00","0.00","0.07"
"1477532","MRLWLCWKCRSK","125","136","100%","1","0","0","1","0.00","0.00","0.94"
"1541636","MRLWLCWKCRSKNPL","125","139","100%","7","0","0","1","0.00","0.00","0.33"
"1323938","RLWLCWKCRSKNPLL","126","140","100%","14","1","1","0","0.07","0.00","0.29"
"1690797","RLWLCWKCRSKNPLLY","126","141","100%","40","0","0","1","0.00","0.00","0.07"
"1498963","RLWLCWKCRSKN","126","137","100%","1","0","0","1","0.00","0.00","0.94"
"1678954","LWLCWKCRSKNPLLYD","127","142","100%","40","0","0","1","0.00","0.00","0.07"
"1474795","LWLCWKCRSKNP","127","138","100%","1","0","0","1","0.00","0.00","0.94"
"1541556","LWLCWKCRSKNPLLY","127","141","100%","7","0","0","1","0.00","0.00","0.33"
"1707800","WLCWKCRSKNPLLYDA","128","143","100%","40","0","0","1","0.00","0.00","0.07"
"1074965","LCWKCRSKNPLLYDANYFLCWHTNCYDYCIPYNSVTSS","129","166","100%","4","1","1","0","0.25","0.01","0.74"
"1673578","LCWKCRSKNPLLYDAN","129","144","100%","40","0","0","1","0.00","0.00","0.07"
"1541223","LCWKCRSKNPLLYDA","129","143","100%","7","0","0","1","0.00","0.00","0.33"
"1649342","CWKCRSKNPLLYDANY","130","145","100%","40","0","0","1","0.00","0.00","0.07"
"1707769","WKCRSKNPLLYDANYF","131","146","100%","40","0","0","1","0.00","0.00","0.07"
"1392515","WKCRSKNPLLYDANYFLCWH","131","150","100%","1","0","0","1","0.00","0.00","0.94"
"1543352","WKCRSKNPLLYDANY","131","145","100%","8","2","2","0","0.25","0.05","0.59"
"1669369","KCRSKNPLLYDANYFL","132","147","100%","40","0","0","1","0.00","0.00","0.07"
"1331140","CRSKNPLLY","133","141","100%","5","1","1","1","0.20","0.01","0.64"
"1648768","CRSKNPLLYDANYFLC","133","148","100%","40","0","0","1","0.00","0.00","0.07"
"1539752","CRSKNPLLYDANYFL","133","147","100%","7","1","1","0","0.14","0.01","0.50"
"1691330","RSKNPLLYDANYFLCW","134","149","100%","40","0","0","1","0.00","0.00","0.07"
"1694000","SKNPLLYDANYFLCWH","135","150","100%","40","0","0","1","0.00","0.00","0.07"
"1542507","SKNPLLYDANYFLCW","135","149","100%","7","1","1","0","0.14","0.01","0.50"
"1310547","KNPLLYDANYFLCWH","136","150","100%","31","2","2","0","0.06","0.01","0.18"
"1671400","KNPLLYDANYFLCWHT","136","151","100%","40","0","0","1","0.00","0.00","0.07"
"1075003","NPLLYDANYFLCW","137","149","100%","36","18","1","0","0.50","0.35","0.64"
"1322562","NPLLYDANY","137","145","100%","4","1","1","1","0.25","0.01","0.74"
"1332969","NPLLYDANYFL","137","147","100%","8","1","1","0","0.13","0.01","0.46"
"1683193","NPLLYDANYFLCWHTN","137","152","100%","40","0","0","1","0.00","0.00","0.07"
"1541801","NPLLYDANYFLCWHT","137","151","100%","7","0","0","1","0.00","0.00","0.33"
"1685885","PLLYDANYFLCWHTNC","138","153","100%","40","0","0","1","0.00","0.00","0.07"
"1311180","LLYDANYFL","139","147","100%","220","115","17","3","0.52","0.46","0.59"
"1676296","LLYDANYFLCWHTNCY","139","154","100%","40","0","0","1","0.00","0.00","0.07"
"1541397","LLYDANYFLCWHTNC","139","153","100%","7","0","0","1","0.00","0.00","0.33"
"1679037","LYDANYFLCWHTNCYD","140","155","100%","40","0","0","1","0.00","0.00","0.07"
"2134192","LYDANYFLC","140","148","100%","1","1","1","0","1.00","0.04","1.00"
"2157713","LYDANYFL","140","147","100%","3","0","0","1","0.00","0.00","0.61"
"1327904","YDANYFLCWHTNCYD","141","155","100%","22","3","2","1","0.14","0.04","0.31"
"1708638","YDANYFLCWHTNCYDY","141","156","100%","40","0","0","1","0.00","0.00","0.07"
"1392522","YDANYFLCWHTNCYDYCIPY","141","160","100%","1","0","0","1","0.00","0.00","0.94"
"1649632","DANYFLCWHTNCYDYC","142","157","100%","40","0","0","1","0.00","0.00","0.07"
"1645566","ANYFLCWHTNCYDYCI","143","158","100%","40","0","0","1","0.00","0.00","0.07"
"1539546","ANYFLCWHTNCYDYC","143","157","100%","7","5","1","0","0.71","0.34","0.94"
"1684466","NYFLCWHTNCYDYCIP","144","159","100%","40","0","0","1","0.00","0.00","0.07"
"1309145","YFLCWHTNCYDYCIPY","145","160","100%","74","1","1","1","0.01","0.00","0.07"
"1543424","YFLCWHTNCYDYCIP","145","159","100%","7","0","0","1","0.00","0.00","0.33"
"1316537","FLCWHTNCYDYCIPY","146","160","100%","14","1","1","0","0.07","0.00","0.29"
"1657664","FLCWHTNCYDYCIPYN","146","161","100%","40","0","0","1","0.00","0.00","0.07"
"1540279","FLCWHTNCY","146","154","100%","4","1","1","1","0.25","0.01","0.74"
"2134055","FLCWHTSCY","146","154","88.89%","1","1","1","0","1.00","0.04","1.00"
"1673576","LCWHTNCYDYCIPYNS","147","162","100%","40","0","0","1","0.00","0.00","0.07"
"1541222","LCWHTNCYDYCIPYN","147","161","100%","7","1","1","0","0.14","0.01","0.50"
"1649338","CWHTNCYDYCIPYNSV","148","163","100%","40","0","0","1","0.00","0.00","0.07"
"1707713","WHTNCYDYCIPYNSVT","149","164","100%","40","0","0","1","0.00","0.00","0.07"
"1543349","WHTNCYDYCIPYNSV","149","163","100%","7","0","0","1","0.00","0.00","0.33"
"1665083","HTNCYDYCIPYNSVTS","150","165","100%","40","0","0","1","0.00","0.00","0.07"
"2222803","HTNCYDYCI","150","158","100%","90","0","0","1","0.00","0.00","0.04"
"1325785","TNCYDYCIPYNSVTS","151","165","100%","22","1","1","2","0.05","0.00","0.19"
"1699418","TNCYDYCIPYNSVTSS","151","166","100%","40","0","0","1","0.00","0.00","0.07"
"1392463","TNCYDYCIPYNSVTSSIVIT","151","170","100%","1","1","1","0","1.00","0.04","1.00"
"1681130","NCYDYCIPYNSVTSSI","152","167","100%","40","0","0","1","0.00","0.00","0.07"
"1649396","CYDYCIPYNSVTSSIV","153","168","100%","20","1","1","0","0.05","0.00","0.21"
"1392099","CYDYCIPYNSVTSSI","153","167","100%","8","1","1","1","0.13","0.01","0.46"
"1708817","YDYCIPYNSVTSSIVI","154","169","100%","40","0","0","1","0.00","0.00","0.07"
"1392524","YDYCIPYNSVTSSIV","154","168","100%","1","1","1","0","1.00","0.04","1.00"
"1653041","DYCIPYNSVTSSIVIT","155","170","100%","40","0","0","1","0.00","0.00","0.07"
"1392118","DYCIPYNSVTSSIV","155","168","100%","1","0","0","1","0.00","0.00","0.94"
"1540003","DYCIPYNSVTSSIVI","155","169","100%","7","3","1","0","0.43","0.13","0.76"
"1708546","YCIPYNSVTSSIVITS","156","171","100%","40","0","0","1","0.00","0.00","0.07"
"1648089","CIPYNSVTSSIVITSG","157","172","100%","40","0","0","1","0.00","0.00","0.07"
"1392075","CIPYNSVTSSIVI","157","169","100%","1","0","0","1","0.00","0.00","0.94"
"1539710","CIPYNSVTSSIVITS","157","171","100%","7","0","0","1","0.00","0.00","0.33"
"1087360","IPYNSVTSSI","158","167","100%","36","1","1","0","0.03","0.00","0.12"
"1318850","IPYNSVTSSIVI","158","169","100%","3","1","1","1","0.33","0.01","0.85"
"1667717","IPYNSVTSSIVITSGD","158","173","100%","40","0","0","1","0.00","0.00","0.07"
"1330554","PYNSVTSSI","159","167","100%","5","0","0","1","0.00","0.00","0.43"
"1687164","PYNSVTSSIVITSGDG","159","174","100%","40","0","0","1","0.00","0.00","0.07"
"1542060","PYNSVTSSIVITSGD","159","173","100%","7","0","0","1","0.00","0.00","0.33"
"1710255","YNSVTSSIVITSGDGT","160","175","100%","40","0","0","1","0.00","0.00","0.07"
"1075009","NSVTSSIVITSGDGTTSPISEHDYQIGGYTEKWESGVK","161","198","100%","4","1","1","0","0.25","0.01","0.74"
"1683776","NSVTSSIVITSGDGTT","161","176","100%","40","0","0","1","0.00","0.00","0.07"
"1392335","NSVTSSIVITSGDGTTSPIS","161","180","100%","1","0","0","1","0.00","0.00","0.94"
"1541838","NSVTSSIVITSGDGT","161","175","100%","8","1","1","1","0.13","0.01","0.46"
"1696568","SVTSSIVITSGDGTTS","162","177","100%","40","1","1","0","0.03","0.00","0.11"
"1706419","VTSSIVITSGDGTTSP","163","178","100%","40","0","0","1","0.00","0.00","0.07"
"1530064","VTSSIVITSGDG","163","174","100%","1","0","0","1","0.00","0.00","0.94"
"1543281","VTSSIVITSGDGTTS","163","177","100%","7","1","1","0","0.14","0.01","0.50"
"1700382","TSSIVITSGDGTTSPI","164","179","100%","40","0","0","1","0.00","0.00","0.07"
"1695585","SSIVITSGDGTTSPIS","165","180","100%","40","0","0","1","0.00","0.00","0.07"
"1542583","SSIVITSGDGTTSPI","165","179","100%","7","4","1","0","0.57","0.22","0.86"
"1693799","SIVITSGDGTTSPISE","166","181","100%","40","0","0","1","0.00","0.00","0.07"
"1668666","IVITSGDGTTSPISEH","167","182","100%","40","1","1","0","0.03","0.00","0.11"
"1455692","IVITSGDGTTSP","167","178","100%","1","0","0","1","0.00","0.00","0.94"
"1540901","IVITSGDGTTSPISE","167","181","100%","7","2","1","0","0.29","0.05","0.64"
"1703597","VITSGDGTTSPISEHD","168","183","100%","40","1","1","0","0.03","0.00","0.11"
"1668474","ITSGDGTTSPISEHDY","169","184","100%","40","1","1","0","0.03","0.00","0.11"
"1540887","ITSGDGTTSPISEHD","169","183","100%","7","2","1","0","0.29","0.05","0.64"
"1700225","TSGDGTTSPISEHDYQ","170","185","100%","40","1","1","0","0.03","0.00","0.11"
"1693194","SGDGTTSPISEHDYQI","171","186","100%","40","1","1","0","0.03","0.00","0.11"
"1392422","SGDGTTSPISEHDYQIGGYT","171","190","100%","1","0","0","1","0.00","0.00","0.94"
"1504009","SGDGTTSPISEH","171","182","100%","1","0","0","1","0.00","0.00","0.94"
"1542455","SGDGTTSPISEHDYQ","171","185","100%","8","1","1","1","0.13","0.01","0.46"
"1311685","GDGTTSPISEHDYQIGGYTEKWESGVKDCVVLHS","172","205","100%","1","1","1","0","1.00","0.04","1.00"
"1660298","GDGTTSPISEHDYQIG","172","187","100%","40","1","1","0","0.03","0.00","0.11"
"1650678","DGTTSPISEHDYQIGG","173","188","100%","40","3","1","0","0.08","0.02","0.18"
"1539862","DGTTSPISEHDYQIG","173","187","100%","7","1","1","0","0.14","0.01","0.50"
"1663222","GTTSPISEHDYQIGGY","174","189","100%","40","1","1","0","0.03","0.00","0.11"
"1444813","GTTSPISEHDYQ","174","185","100%","1","1","1","0","1.00","0.04","1.00"
"1075082","TTSPISEHDY","175","184","100%","36","2","1","0","0.06","0.01","0.16"
"1700724","TTSPISEHDYQIGGYT","175","190","100%","40","1","1","0","0.03","0.00","0.11"
"1519751","TTSPISEHDYQI","175","186","100%","1","1","1","0","1.00","0.04","1.00"
"1542942","TTSPISEHDYQIGGY","175","189","100%","7","1","1","0","0.14","0.01","0.50"
"1700350","TSPISEHDYQIGGYTE","176","191","100%","40","1","1","0","0.03","0.00","0.11"
"1518986","TSPISEHDYQIG","176","187","100%","1","0","0","1","0.00","0.00","0.94"
"1694995","SPISEHDYQIGGYTEK","177","192","100%","40","4","1","0","0.10","0.03","0.21"
"1507789","SPISEHDYQIGG","177","188","100%","1","0","0","1","0.00","0.00","0.94"
"1542546","SPISEHDYQIGGYTE","177","191","100%","7","2","1","0","0.29","0.05","0.64"
"1685555","PISEHDYQIGGYTEKW","178","193","100%","40","3","1","0","0.08","0.02","0.18"
"1487607","PISEHDYQIGGY","178","189","100%","1","1","1","0","1.00","0.04","1.00"
"1310508","ISEHDYQIGGY","179","189","100%","18","0","0","1","0.00","0.00","0.15"
"1668042","ISEHDYQIGGYTEKWE","179","194","100%","40","2","1","0","0.05","0.01","0.14"
"1540866","ISEHDYQIGGYTEKW","179","193","100%","7","1","1","0","0.14","0.01","0.50"
"1087403","SEHDYQIGGYTEKW","180","193","100%","36","3","1","0","0.08","0.02","0.20"
"1692743","SEHDYQIGGYTEKWES","180","195","100%","40","2","1","0","0.05","0.01","0.14"
"2157733","SEHDYQIGGY","180","189","100%","3","0","0","1","0.00","0.00","0.61"
"1654174","EHDYQIGGYTEKWESG","181","196","100%","40","2","1","0","0.05","0.01","0.14"
"1392131","EHDYQIGGYTEKWESGVKDC","181","200","100%","1","0","0","1","0.00","0.00","0.94"
"1427658","EHDYQIGGYTEK","181","192","100%","1","0","0","1","0.00","0.00","0.94"
"1427659","EHDYQIGGYTEKWESGVKDCVVL","181","203","100%","1","1","1","0","1.00","0.04","1.00"
"1540077","EHDYQIGGYTEKWES","181","195","100%","8","4","1","1","0.50","0.19","0.80"
"1664198","HDYQIGGYTEKWESGV","182","197","100%","40","2","1","0","0.05","0.01","0.14"
"1446525","HDYQIGGYTEKW","182","193","100%","1","1","1","0","1.00","0.04","1.00"
"1653160","DYQIGGYTEKWESGVK","183","198","100%","40","6","1","0","0.15","0.07","0.27"
"1540014","DYQIGGYTEKWESGV","183","197","100%","7","0","0","1","0.00","0.00","0.33"
"1710450","YQIGGYTEKWESGVKD","184","199","100%","40","3","1","0","0.08","0.02","0.18"
"2060919","YQIGGYTEK","184","192","100%","21","0","0","1","0.00","0.00","0.13"
"1687967","QIGGYTEKWESGVKDC","185","200","100%","40","2","1","0","0.05","0.01","0.14"
"1542117","QIGGYTEKWESGVKD","185","199","100%","7","0","0","1","0.00","0.00","0.33"
"1666294","IGGYTEKWESGVKDCV","186","201","100%","40","2","1","0","0.05","0.01","0.14"
"1661131","GGYTEKWESGVKDCVV","187","202","100%","40","0","0","1","0.00","0.00","0.07"
"1540475","GGYTEKWESGVKDCV","187","201","100%","7","0","0","1","0.00","0.00","0.33"
"1663946","GYTEKWESGVKDCVVL","188","203","100%","40","0","0","1","0.00","0.00","0.07"
"1710899","YTEKWESGVKDCVVLH","189","204","100%","40","0","0","1","0.00","0.00","0.07"
"1543539","YTEKWESGVKDCVVL","189","203","100%","7","0","0","1","0.00","0.00","0.33"
"1697612","TEKWESGVKDCVVLHS","190","205","100%","40","0","0","1","0.00","0.00","0.07"
"1654510","EKWESGVKDCVVLHSY","191","206","100%","40","0","0","1","0.00","0.00","0.07"
"1392134","EKWESGVKDCVVLHSYFTSD","191","210","100%","1","0","0","1","0.00","0.00","0.94"
"1540096","EKWESGVKDCVVLHS","191","205","100%","8","1","1","1","0.13","0.01","0.46"
"1672765","KWESGVKDCVVLHSYF","192","207","100%","40","0","0","1","0.00","0.00","0.07"
"1075114","WESGVKDCVVLHSYFTSDYYQLYSTQLSTDTGVEHVTF","193","230","100%","4","2","1","0","0.50","0.10","0.89"
"1707591","WESGVKDCVVLHSYFT","193","208","100%","40","0","0","1","0.00","0.00","0.07"
"1543343","WESGVKDCVVLHSYF","193","207","100%","7","1","1","0","0.14","0.01","0.50"
"1655354","ESGVKDCVVLHSYFTS","194","209","100%","40","1","1","0","0.03","0.00","0.11"
"1693417","SGVKDCVVLHSYFTSD","195","210","100%","40","0","0","1","0.00","0.00","0.07"
"1542475","SGVKDCVVLHSYFTS","195","209","100%","7","0","0","1","0.00","0.00","0.33"
"1663433","GVKDCVVLHSYFTSDY","196","211","100%","40","2","1","0","0.05","0.01","0.14"
"1703671","VKDCVVLHSYFTSDYY","197","212","100%","40","0","0","1","0.00","0.00","0.07"
"1543130","VKDCVVLHSYFTSDY","197","211","100%","7","1","1","0","0.14","0.01","0.50"
"1309122","KDCVVLHSYFTSDYYQLY","198","215","100%","34","3","1","0","0.09","0.02","0.21"
"1669458","KDCVVLHSYFTSDYYQ","198","213","100%","40","0","0","1","0.00","0.00","0.07"
"1649850","DCVVLHSYFTSDYYQL","199","214","100%","40","0","0","1","0.00","0.00","0.07"
"1539804","DCVVLHSYFTSDYYQ","199","213","100%","7","1","1","0","0.14","0.01","0.50"
"1649307","CVVLHSYFTSDYYQLY","200","215","100%","40","0","0","1","0.00","0.00","0.07"
"1706782","VVLHSYFTSDYYQLYS","201","216","100%","40","0","0","1","0.00","0.00","0.07"
"1392509","VVLHSYFTSDYYQLYSTQLS","201","220","100%","1","0","0","1","0.00","0.00","0.94"
"1543298","VVLHSYFTSDYYQLY","201","215","100%","9","3","2","1","0.33","0.10","0.64"
"1075092","VLHSYFTSDYYQLY","202","215","100%","36","14","1","0","0.39","0.25","0.53"
"1704184","VLHSYFTSDYYQLYST","202","217","100%","40","0","0","1","0.00","0.00","0.07"
"1674922","LHSYFTSDYYQLYSTQ","203","218","100%","40","0","0","1","0.00","0.00","0.07"
"1541299","LHSYFTSDYYQLYST","203","217","100%","7","0","0","1","0.00","0.00","0.33"
"1318163","HSYFTSDYY","204","212","100%","6","2","2","1","0.33","0.06","0.71"
"1665013","HSYFTSDYYQLYSTQL","204","219","100%","40","0","0","1","0.00","0.00","0.07"
"1333888","SYFTSDYYQLY","205","215","100%","7","2","1","0","0.29","0.05","0.64"
"1696773","SYFTSDYYQLYSTQLS","205","220","100%","40","0","0","1","0.00","0.00","0.07"
"1542650","SYFTSDYYQLYSTQL","205","219","100%","8","1","1","1","0.13","0.01","0.46"
"1310954","YFTSDYYQLYSTQLS","206","220","100%","29","1","1","1","0.03","0.00","0.15"
"1309146","YFTSDYYQLYSTQLSTDTGV","206","225","100%","34","4","1","0","0.12","0.04","0.24"
"1327990","YFTSDYYQLY","206","215","100%","12","7","5","0","0.58","0.31","0.81"
"1334349","YFTSDYYQL","206","214","100%","11","2","2","1","0.18","0.03","0.46"
"1709115","YFTSDYYQLYSTQLST","206","221","100%","40","0","0","1","0.00","0.00","0.07"
"1309115","FTSDYYQLY","207","215","100%","124","72","18","0","0.58","0.49","0.66"
"1659069","FTSDYYQLYSTQLSTD","207","222","100%","40","1","1","0","0.03","0.00","0.11"
"1540356","FTSDYYQLYSTQLST","207","221","100%","7","1","1","0","0.14","0.01","0.50"
"1700194","TSDYYQLYSTQLSTDT","208","223","100%","40","1","1","0","0.03","0.00","0.11"
"2157748","TSDYYQLY","208","215","100%","3","0","0","1","0.00","0.00","0.61"
"1692668","SDYYQLYSTQLSTDTG","209","224","100%","40","1","1","0","0.03","0.00","0.11"
"1542414","SDYYQLYSTQLSTDT","209","223","100%","7","1","1","0","0.14","0.01","0.50"
"1331464","DYYQLYSTQL","210","219","100%","5","1","1","0","0.20","0.01","0.64"
"1653225","DYYQLYSTQLSTDTGV","210","225","100%","40","1","1","0","0.03","0.00","0.11"
"1087430","YYQLYSTQL","211","219","100%","108","7","6","2","0.06","0.03","0.13"
"1711541","YYQLYSTQLSTDTGVE","211","226","100%","40","1","1","0","0.03","0.00","0.11"
"1392540","YYQLYSTQLSTDTGVEHVTF","211","230","100%","1","0","0","1","0.00","0.00","0.94"
"1543575","YYQLYSTQLSTDTGV","211","225","100%","8","1","1","1","0.13","0.01","0.46"
"1710467","YQLYSTQLSTDTGVEH","212","227","100%","40","1","1","0","0.03","0.00","0.11"
"1688430","QLYSTQLSTDTGVEHV","213","228","100%","40","1","1","0","0.03","0.00","0.11"
"1542148","QLYSTQLSTDTGVEH","213","227","100%","7","2","1","0","0.29","0.05","0.64"
"1679251","LYSTQLSTDTGVEHVT","214","229","100%","40","1","1","0","0.03","0.00","0.11"
"1710828","YSTQLSTDTGVEHVTF","215","230","100%","40","0","0","1","0.00","0.00","0.07"
"1543537","YSTQLSTDTGVEHVT","215","229","100%","7","1","1","0","0.14","0.01","0.50"
"1696071","STQLSTDTGVEHVTFF","216","231","100%","40","0","0","1","0.00","0.00","0.07"
"1597814","STQLSTDTGVEHVTFFIYNKIVDEPEEHVQIHTI","216","249","100%","1","1","1","0","1.00","0.04","1.00"
"1699897","TQLSTDTGVEHVTFFI","217","232","100%","40","0","0","1","0.00","0.00","0.07"
"1542882","TQLSTDTGVEHVTFF","217","231","100%","7","2","1","0","0.29","0.05","0.64"
"1688391","QLSTDTGVEHVTFFIY","218","233","100%","40","0","0","1","0.00","0.00","0.07"
"1677976","LSTDTGVEHVTFFIYN","219","234","100%","40","0","0","1","0.00","0.00","0.07"
"1541499","LSTDTGVEHVTFFIY","219","233","100%","7","2","1","0","0.29","0.05","0.64"
"1075064","STDTGVEHVTFFIYNK","220","235","100%","56","10","2","0","0.18","0.10","0.30"
"2134283","STDTVVEHV","220","228","88.89%","1","1","1","0","1.00","0.04","1.00"
"1325392","TDTGVEHVTFFIYNK","221","235","100%","22","2","2","1","0.09","0.02","0.25"
"1697482","TDTGVEHVTFFIYNKI","221","236","100%","40","0","0","1","0.00","0.00","0.07"
"1392453","TDTGVEHVTFFIYNKIVDEP","221","240","100%","1","0","0","1","0.00","0.00","0.94"
"1652471","DTGVEHVTFFIYNKIV","222","237","100%","40","0","0","1","0.00","0.00","0.07"
"1698227","TGVEHVTFFIYNKIVD","223","238","100%","40","0","0","1","0.00","0.00","0.07"
"1542762","TGVEHVTFFIYNKIV","223","237","100%","7","1","1","0","0.14","0.01","0.50"
"1309119","GVEHVTFFIYNKIVDEPEEH","224","243","100%","34","1","1","0","0.03","0.00","0.13"
"1663356","GVEHVTFFIYNKIVDE","224","239","100%","40","0","0","1","0.00","0.00","0.07"
"1702518","VEHVTFFIYNKIVDEP","225","240","100%","40","0","0","1","0.00","0.00","0.07"
"1543054","VEHVTFFIYNKIVDE","225","239","100%","7","2","1","0","0.29","0.05","0.64"
"2157752","VEHVTFFIY","225","233","100%","3","0","0","1","0.00","0.00","0.61"
"1315796","EHVTFFIYNKIVDEP","226","240","100%","14","2","1","0","0.14","0.03","0.37"
"1654226","EHVTFFIYNKIVDEPE","226","241","100%","40","0","0","1","0.00","0.00","0.07"
"1318207","HVTFFIYNK","227","235","100%","4","1","1","1","0.25","0.01","0.74"
"1665224","HVTFFIYNKIVDEPEE","227","242","100%","40","0","0","1","0.00","0.00","0.07"
"1540732","HVTFFIYNKIVDEPE","227","241","100%","7","2","1","0","0.29","0.05","0.64"
"1706195","VTFFIYNKIVDEPEEH","228","243","100%","40","0","0","1","0.00","0.00","0.07"
"1697766","TFFIYNKIVDEPEEHV","229","244","100%","40","0","0","1","0.00","0.00","0.07"
"1542732","TFFIYNKIVDEPEEH","229","243","100%","7","2","1","0","0.29","0.05","0.64"
"1656767","FFIYNKIVDEPEEHVQ","230","245","100%","40","3","1","0","0.08","0.02","0.18"
"1316503","FIYNKIVDEPEEHVQ","231","245","100%","22","3","2","1","0.14","0.04","0.31"
"1657364","FIYNKIVDEPEEHVQI","231","246","100%","40","1","1","0","0.03","0.00","0.11"
"1392149","FIYNKIVDEPEEHVQIHTID","231","250","100%","1","0","0","1","0.00","0.00","0.94"
"1669007","IYNKIVDEPEEHVQIH","232","247","100%","40","2","1","0","0.05","0.01","0.14"
"1710146","YNKIVDEPEEHVQIHT","233","248","100%","40","3","1","0","0.08","0.02","0.18"
"1543496","YNKIVDEPEEHVQIH","233","247","100%","7","1","1","0","0.14","0.01","0.50"
"1682365","NKIVDEPEEHVQIHTI","234","249","100%","40","0","0","1","0.00","0.00","0.07"
"1383491","KIVDEPEEHVQIHTID","235","250","100%","40","2","1","0","0.05","0.01","0.14"
"1383492","KIVDEPEEHVQIHTIDG","235","251","100%","1","1","1","0","1.00","0.04","1.00"
"1541018","KIVDEPEEHVQIHTI","235","249","100%","7","2","1","0","0.29","0.05","0.64"
"1383113","IVDEPEEHVQIHTIDG","236","251","100%","40","1","1","0","0.03","0.00","0.11"
"1702088","VDEPEEHVQIHTIDGS","237","252","100%","40","2","1","0","0.05","0.01","0.14"
"1543025","VDEPEEHVQIHTIDG","237","251","100%","7","2","1","0","0.29","0.05","0.64"
"1650146","DEPEEHVQIHTIDGSS","238","253","100%","40","3","1","0","0.08","0.02","0.18"
"1655008","EPEEHVQIHTIDGSSG","239","254","100%","40","2","1","0","0.05","0.01","0.14"
"1540128","EPEEHVQIHTIDGSS","239","253","100%","7","4","1","0","0.57","0.22","0.86"
"1684981","PEEHVQIHTIDGSSGV","240","255","100%","40","4","1","0","0.10","0.03","0.21"
"1074874","EEHVQIHTI","241","249","100%","78","1","1","2","0.01","0.00","0.07"
"1653746","EEHVQIHTIDGSSGVV","241","256","100%","40","2","1","0","0.05","0.01","0.14"
"1392123","EEHVQIHTIDGSSGVVNPVM","241","260","100%","1","0","0","1","0.00","0.00","0.94"
"1426874","EEHVQIHTIDGS","241","252","100%","1","0","0","1","0.00","0.00","0.94"
"1540049","EEHVQIHTIDGSSGV","241","255","100%","8","4","1","1","0.50","0.19","0.80"
"1654225","EHVQIHTIDGSSGVVN","242","257","100%","40","2","1","0","0.05","0.01","0.14"
"1427769","EHVQIHTIDGSS","242","253","100%","1","0","0","1","0.00","0.00","0.94"
"1665206","HVQIHTIDGSSGVVNP","243","258","100%","40","4","1","0","0.10","0.03","0.21"
"1540731","HVQIHTIDGSSGVVN","243","257","100%","7","1","1","0","0.14","0.01","0.50"
"1705369","VQIHTIDGSSGVVNPV","244","259","100%","40","3","1","0","0.08","0.02","0.18"
"1687977","QIHTIDGSSGVVNPVM","245","260","100%","40","3","1","0","0.08","0.02","0.18"
"1542119","QIHTIDGSSGVVNPV","245","259","100%","7","1","1","0","0.14","0.01","0.50"
"1666475","IHTIDGSSGVVNPVME","246","261","100%","40","2","1","0","0.05","0.01","0.14"
"1665050","HTIDGSSGVVNPVMEP","247","262","100%","40","2","1","0","0.05","0.01","0.14"
"1540720","HTIDGSSGVVNPVME","247","261","100%","7","1","1","0","0.14","0.01","0.50"
"2222802","HTIDGSSGV","247","255","100%","90","0","0","1","0.00","0.00","0.04"
"1698404","TIDGSSGVVNPVMEPI","248","263","100%","40","3","1","0","0.08","0.02","0.18"
"1665767","IDGSSGVVNPVMEPIY","249","264","100%","40","3","1","0","0.08","0.02","0.18"
"1540758","IDGSSGVVNPVMEPI","249","263","100%","7","2","1","0","0.29","0.05","0.64"
"1650660","DGSSGVVNPVMEPIYD","250","265","100%","40","6","1","0","0.15","0.07","0.27"
"1317798","GSSGVVNPVMEPIYD","251","265","100%","22","4","2","1","0.18","0.06","0.36"
"1662867","GSSGVVNPVMEPIYDE","251","266","100%","40","6","1","0","0.15","0.07","0.27"
"1392196","GSSGVVNPVMEPIYDEPTTT","251","270","100%","1","0","0","1","0.00","0.00","0.94"
"1389064","SSGVVNPVMEPIYDEP","252","267","100%","40","11","1","0","0.28","0.16","0.41"
"1389065","SSGVVNPVMEPIYDEPTTTTSVPL","252","275","100%","1","1","1","0","1.00","0.04","1.00"
"1388498","SGVVNPVMEPIYDEPT","253","268","100%","40","12","1","0","0.30","0.18","0.43"
"1345210","SGVVNPVMEPIYDEP","253","267","100%","8","6","2","0","0.75","0.40","0.95"
"1381943","GVVNPVMEPIYDEPTT","254","269","100%","40","14","1","0","0.35","0.23","0.49"
"1391016","VVNPVMEPIYDEPTTT","255","270","100%","40","12","1","0","0.30","0.18","0.43"
"1543302","VVNPVMEPIYDEPTT","255","269","100%","7","3","1","0","0.43","0.13","0.76"
"1390707","VNPVMEPIYDEPTTTT","256","271","100%","40","14","1","0","0.35","0.23","0.49"
"1527107","VNPVMEPIYDEP","256","267","100%","1","0","0","1","0.00","0.00","0.94"
"1386276","NPVMEPIYDEPTTTTS","257","272","100%","40","16","1","0","0.40","0.27","0.54"
"1343808","NPVMEPIYDEPTTTT","257","271","100%","8","4","2","0","0.50","0.19","0.80"
"1483102","NPVMEPIYDEPT","257","268","100%","2","1","1","1","0.50","0.02","0.97"
"1386961","PVMEPIYDEPTTTTSV","258","273","100%","40","11","1","0","0.28","0.16","0.41"
"1490799","PVMEPIYDEPTT","258","269","100%","1","1","1","0","1.00","0.04","1.00"
"1390653","VMEPIYDEPTTTTSVP","259","274","100%","40","13","1","0","0.33","0.20","0.46"
"1543174","VMEPIYDEPTTTTSV","259","273","100%","7","3","1","0","0.43","0.13","0.76"
"1385406","MEPIYDEPTTTTSVPL","260","275","100%","40","14","1","0","0.35","0.23","0.49"
"1340666","EPIYDEPTTTTSVPL","261","275","100%","50","21","4","1","0.42","0.30","0.54"
"1340665","EPIYDEP","261","267","100%","1","1","1","0","1.00","0.04","1.00"
"533289","PIYDEPTTTTSVPL","262","275","100%","43","3","1","1","0.07","0.02","0.17"
"1332437","IYDEPTTTT","263","271","100%","8","1","1","0","0.13","0.01","0.46"
"1668955","IYDEPTTTTSVPL","263","275","100%","40","4","1","0","0.10","0.03","0.21"
"1392523","YDEPTTTTSVPL","264","275","100%","42","3","2","1","0.07","0.02","0.17"
"1392361","PTTTTSVPL","267","275","100%","1","1","1","0","1.00","0.04","1.00"
"1392480","TSVPL","271","275","100%","1","1","1","0","1.00","0.04","1.00"